,cleantext,label,pred,selftext
2,know depo like went away whilst around know held grudg gone month sign last week opk told come know would soon make scene happi back atleast soon possibl room nurseri calm,1,0,"I know that depo didn't like you, so you went away whilst he was around. I know you held a grudge because he's been gone 6 months and there has been no sign of you.

Last week OPK told me you were coming, but I didn't know you would be here so soon and make such a scene!

 I'm happy you are back, I am (for now atleast, because as soon as possible the room will be a nursery) but CALM.DOWN!"
79,co worker ask anoth co worker pregnant wife go everyth fine sat smile convers stroller everyon sarcast ask co worker go non pregnant self ouf heart guy almost cri question even direct im cycl ish find hard month thank let vent sure expect,1,0,"My co-worker asked another co-worker how his pregnant wife was going, everything was all fine. I sat and smiled through a conversation about strollers.

Everyone is very sarcastic so he asked co-worker ""how's it going with your non-pregnant self?"" Ouf my heart guys, I almost cried and the question wasn't even directed to me. Im cycle 7ish and finding this so hard each month..

Thanks for letting me vent, not sure what I'm expecting from this."
112,hi want take moment edit end realli long post share person experi si hsg know went test liter read everi singl experi could find reddit help quell anxieti comb everi day look fresh post seem experi wildli variabl thought add cent pot start ttc journey schedul hsg hospit work conveni read everi singl reddit post could hsg well awar test reput went nice rad tech ask take pregnanc test tri reason gay told well never know ugh lol strip waist sign consent laid tabl stirrup larg x ray machin radiolog depart pa came detail anxiou point felt confid soon thought wrong basic ram speculum open max one motion tear never clinician blatantli rough attempt multipl time insert cathet felt like sear pinch cramp also kept feel strang pain pop feel sigh said get cathet page radiologist told tri use dilat brief moment thought object realli want get let tri fairli certain stab vagina hot firepok would hurt less start scream pain far away worst pain ever felt pain mind numb reduc total fight flight mode tri scrambl away shriek stop almost fell x day tabl final remov everyth look incredul wow realli look curl ball tabl sob radiologist suggest must cervic stenosi need procedur anesthesia trudg back offic hospit head hang low felt complet emot physic violat never read singl post detail similar experi mine balk idea ever go call offic got home told need come salin sonogram could see go point realli mental think could took week catch breath setup similar salin sonogram hsg except done exam room regular exam tabl strip waist wait apologet ensur like noth wrong cervix today would noth like experi hospit unconvinc shakili laid jump everi time touch time speculum hurt start make small talk crack joke nervous laugh said guess cathet serious feel thing felt like greatest bless ever bestow upon complet horror experienc hospit remov speculum insert ultrasound probe mildli uncomfort particularli pain exactli like regular tvu cathet hurt next salin inject realli expect part hurt unfortun pain felt like deep undul period cramp hurt total second seem worsen intens second pass definit grate done say uncomfort enough make cri start finish procedur took approxim minut second quit pain although ongo minor cramp minut randomli later even salin sonogram recommend come back tri hsg realli realli realli want salin sonogram total normal concern may unicornu uteru said could rule happen patent tube hsg final relent hsg morn anxieti lead procedur x wors procedur laid x ray tabl tri cri pain speculum insert feel cathet either despit appar hsg cathet doubl size si cathet feel balloon inflat heard caus pinch experi balloon caus repeat undul cramp similar si feel like superfici moder intens period cramp think utter quick ow happen surpris continu hurt past initi inflat inject dye knew peopl issu pain slightli intens si although type pain ident actual found although hsg pain intens last long stop soon procedur done think utter curs word first decid start take big long dramat breath instead actual help lot cathet remov without pain confirm unicornu uteru tube patent pain felt infertil workup suddenli seem inconsequenti afterward wore pad suggest bring good one home need pantylin went cheesecak factori reward subject pain assess si hsg much briefer si tl dr tri procedur done offic instead done somewher conveni experi level clinician perform test absolut posit matter least case come back redo complet suck test suck gener carri emot weight expect noth wors lie stupid tabl vulner posit know whether feel noth complet brutal still like greatli uncomfort less minut overst enough import treat afterward hope account help anyon test find shred comfort come,1,0,"Hi all! I wanted to take a moment (edit: or not, this ended up being a REALLY long post) to share my personal experience with SIS and HSG because I know up until I went for these tests myself, I literally read every single experience I could find on Reddit to help quell some of my anxiety. I combed every day looking for a fresh post. It seems experiences are wildly variable, so I just thought I‚Äôd add my 2 cents to the pot.

I started my TTC journey with my RE by scheduling my HSG at the hospital I work at for convenience. I read every single Reddit post I could about the HSG and was well aware of the test‚Äôs reputation. When I went, a nice rad tech asked me to take a pregnancy test (I tried to reason that I‚Äôm gay and was told ‚Äúwell you never know‚Äù ugh lol). I stripped from the waist down, signed my consent, and was laid down on a table with stirrups and a large x-ray machine above it. A radiology department PA came in and detailed what she‚Äôd be doing. I was very anxious at this point but felt confident that it‚Äôd be over soon. I thought wrong. She basically rammed the speculum and opened it to max all in one motion. I was in tears from this as I‚Äôve never had any clinician be SO blatantly rough. She attempted multiple times to insert the catheter, which felt like a searing, pinching cramp and I also kept feeling a strange (but not painful) popping feeling. She sighed and said she couldn‚Äôt get the catheter in. She paged the radiologist, who told her to try using a dilator. I had a brief moment where I thought to object, but just really wanted to get it over with so I let her try. I‚Äôm fairly certain being stabbed in the vagina with a hot firepoker would have hurt less. I started screaming in pain. It was far and away the worst pain I have ever felt, so painful and mind numbing that I was reduced to total fight of flight mode trying to scramble away. I had to shriek for her to stop and almost fell off the X-day table. After she finally removed everything and looked at me with an incredulous ‚Äúwow, really?‚Äù look, I just curled up into a ball on the table and sobbed. The radiologist suggested I must have cervical stenosis and I‚Äôd need to have this procedure under anesthesia. I trudged back to my office in the hospital with my head hanging low. I felt completely emotionally and physically violated. I‚Äôd never read a single post detailing a similar experience to mine and balked at the idea of ever going through that again.

I called my RE‚Äôs office when I got home. They told me I‚Äôd need to come in for a saline sonogram with my RE so he could see more what‚Äôs going on. At this point, I really didn‚Äôt mentally think I could do it, so I took a week off to catch my breath. The setup was very similar for the saline sonogram as the HSG, except it was done in an exam room on a regular exam table. I stripped from the waist down and waited for my RE. He was apologetic and ensured me there was likely nothing wrong with my cervix and that today would be nothing like my experience at the hospital. Unconvinced, I shakily laid down and jumped every time I was touched. This time, the speculum didn‚Äôt hurt at all. He started to make small talk with me and cracked a joke, and when I nervously laughed, he said, ‚Äúguess what? The catheter is in!‚Äù I seriously did not feel a thing, which felt like the greatest blessing ever bestowed upon me after the complete horror I experienced at the hospital. He removed the speculum and then inserted the ultrasound probe which was mildly uncomfortable, but not particularly painful (exactly like a regular TVUS - having the catheter in with it did not hurt). Next, the saline was injected. I didn‚Äôt really expect this part to hurt, but unfortunately it did. For me the pain felt like very deep, undulating period cramps. It hurt for about a total of 60 seconds and seemed to worsen in intensity as the seconds passed. I was definitely grateful when it was done, but I wouldn‚Äôt say it was uncomfortable enough to make me cry. From start to finish the procedure took approximately 3 minutes, with only about 60 seconds of that being quite painful, although I did have some ongoing minor cramping for about 20 minutes after (and randomly later that evening?).

After my saline sonogram, my RE recommended I come back to try again for my HSG with them. I really, really, really did not want to do this, but my saline sonogram was not totally normal and there was some concern I may have a unicornuate uterus and he said we could rule that out if I happened to have 2 patent tubes on HSG. I finally relented and had my HSG this morning. The anxiety leading up to this procedure was 20x worse than the procedure itself. I laid on the X-ray table and tried not to cry. Again, there was no pain with speculum insertion. I did not feel the catheter either (despite apparently the HSG catheter being about double the size of the SIS catheter), but I DID feel the balloon inflation. I had heard that it causes a pinch, but in my experience, the balloon caused repeated undulating cramping very similar to the SIS. It feels like a superficial but moderately intense period cramp. I think I uttered a quick, ‚Äúow!‚Äù when it happened and then was surprised that it continued to hurt past the initial inflation. RE then injected the dye, which I knew is what most people have issues with. For me, the pain was only slightly more intense than it was with the SIS, although the type of pain was identical. I actually found that although the HSG pain was more intense, it didn‚Äôt last as long and stopped as soon as the procedure was done. I think I uttered a curse word at first and then decided to start taking big, long, dramatic breaths instead and that actually helped a lot. The catheter was removed without pain and then RE confirmed for me that I do not have a unicornuate uterus and both tubes are patent. All of the pain I felt during my infertility workup suddenly seemed so inconsequential. Afterwards, I wore a pad (suggest bringing a good one from home because you‚Äôll need more than just a pantyliner) and went to Cheesecake Factory to reward myself!

My subjective pain assessment for SIS = 5/10; for HSG = 7/10, but much briefer than SIS.

Tl;dr: try to have your procedures done in your RE‚Äôs office instead of having them done somewhere more convenient. The experience level of the clinician performing these tests absolutely positively *DOES* matter (at least in my case) and having to come back for a redo completely sucks. These tests just suck in general and carry an emotional weight with them that I did not expect. There‚Äôs nothing worse than lying on that stupid table in the most vulnerable position there is, not knowing whether you‚Äôll feel nothing or if you‚Äôll be completely brutalized. Still, more likely than not, you will be greatly uncomfortable for less than a minute and then it‚Äôll be over. I can‚Äôt overstate enough how important it is to treat yourself afterward! I hope my account helps anyone out there about to have these tests find a shred of comfort about what‚Äôs to come!"
140,turn month someth happi help feel guilti want pregnant anyth els world would absolut trade get shitfac birthday still feel excit coupl legal drink bar restaur,1,0,"I'm turning 21 in a month, and while that in itself is something to be happy about I can't help but feel guilty. I want to be pregnant more than anything else in this world and would absolutely trade getting shitfaced for my birthday. But I still feel very excited to have a couple legal drinks in a bar or restaurant."
226,hi everyon happi saturday quick vent still annoy recent major life event master degre law came visit celebr sil recent babi horribl guy longer pictur law help niec sweet realli took cours felt littl sting sil got even want kept use posit self enjoy time play niec know fair upset enjoy mom hurt mil friend come visit right car start ask get pregnant big excit weekend end told tri tri hard understand final know confid tell drop frustrat especi consid ultrasound bloodwork done look everyth wait hear result peopl keep comment,1,0,"Hi everyone, happy Saturday! 

Quick vent because it's still annoying me. I recently had a major life event (master's degree) and my in-laws came to visit to celebrate me. My SIL is 21 and recently had a baby with a horrible guy. He's no longer in the picture so my in-laws are helping her.

My niece was sweet and she really took to me. Of course I felt a little sting because my SIL got this when she didn't even want it but I kept using positive self that and enjoyed my time playing with our niece. (I know it's not fair of me to be upset at her for enjoying being a mom but it hurts).

Now, my MIL's friends come to visit and right out of the car they start asking me when I'm getting pregnant... On my big exciting weekend, I ended up being told to do this, do that, try this, I'm trying to hard, and I'll understand it all when I finally have my own. I don't know why I didn't have the confidence to tell them to drop it. It was so frustrating especially considering I'd just had an ultrasound and bloodwork done to look over everything so I was waiting on hearing results.

Why can't people just keep their comments to themselves?"
250,dream took place locat face worst social reject life year ago sound dramat know everi woman life unkind walk pregnant like peopl th grade must stem pregnanc announc peopl appar subconsci believ deserv babi much yike got work anybodi els batshit crazi ttc dream,1,0,"The dream took place in a location where I faced the worst social rejection of my life about a year ago. Sounds dramatic, I know. It is. Then, every woman in my life who had been unkind to me walked in and was pregnant. Like...people from 7th grade. Must stem from pregnancy announcements of people who I apparently subconsciously believe *don‚Äôt deserve* a baby as much as me. Yikes. I‚Äôve got some work to do. Anybody else have batshit crazy TTC dreams?"
254,first two week wait intrus pregnanc thought feel like go start period must pregnanc symptom take late nap wake wow slept four hour last night insomnia pregnanc symptom tire today probabl pregnant see heartburn bad today could pregnanc entir box cooki fast food meal ate yesterday beg differ fals neg common probabl pregnant anyway thank read readi day,1,0,"I'm in my very first two week wait and these are just a few of the intrusive pregnancy thoughts I've had -

""I feel like I'm going to start my period, that must be a pregnancy symptom!"" 

After taking a late nap and waking up at 2am - ""Wow I only slept for four hours last night, insomnia is a pregnancy symptom!""

""I'm so tired today, I'm probably pregnant!"" (see above)

""my heartburn is so bad today, could it be from pregnancy?"" The entire box of cookies &amp; fast food meal that you ate yesterday beg to differ.

""false negatives are common, I'm probably pregnant anyway!""

Thanks for reading, I'm ready for this to be over any day now."
255,question want ask want feel silli chanc question big small thread check weekend feel free chime saturday sunday,1,0,"That question you've been wanting to ask, but just didn't want to feel silly. Now's your chance! No question is too big or too small. This thread will be checked all weekend, so feel free to chime in on Saturday or Sunday!"
260,firstli put trigger warn place angel babi hope right place togeth two year littl boy biodad father son ever known nearli two odd convers name futur kid said want look get medic intervent attitud time littl man around month old happen happen happen moment fals hope took paintbal famili jewel year ago convinc follow loss two partner year apart fire blank one confirm angel suspect loss twin littl man came along blue moment everybodi least favourit visitor town put kibbosh attempt tri month howev want know sit discuss activ tri would mean us would make signific chang lifestyl quit smoke exercis littl etc will howev alreadi told unwil ivf get sc done first could noth complet agre alreadi said put excess hormon inject daili end conceiv approach,1,0,"Firstly I‚Äôm putting a trigger warning in place for angel babies.

I‚Äôm hoping I‚Äôm in the right place. 
My SO and I have been together for two years. We have a little boy (he is not biodad but he is the only father my son has ever known) who is nearly two. We‚Äôve had the odd conversation about names for future kids and he‚Äôs said he wanted to look into getting some medical intervention as our attitude from the time little man was around 9 months old has been if it happens it happens. But it hasn‚Äôt happened. There‚Äôs been a few moments of false hope. He took a paintball to the family jewels about 8 years ago and is now convinced following a loss each with two other partners about 2 years apart that he‚Äôs firing blanks. I myself have had one confirmed angel and suspected loss of twins before Little Man came along out of the blue.

At the moment; everybody‚Äôs least favourite visitor is in town, so that put the kibbosh on attempting to try this month. However I‚Äôm wanting to know if I should sit SO down &amp; discuss actively trying which would mean both of us would have to make some significant changes to our lifestyle (quitting smoking; exercising a little more etc) I‚Äôm willing to do it; however I‚Äôve already told my SO I‚Äôm unwilling to do IVF if he doesn‚Äôt get a SC done first as it could be all for nothing. He completely agrees with that as he‚Äôs already said that he won‚Äôt put me through excessive hormones being injected into me daily if it‚Äôs on his end we can‚Äôt conceive. 

How do I approach this?"
283,tw miscarriag realli need get chest miscarriag june th husband step mother incred condescend told pregnant miscarri week father day scof said well even tri incred hurt follow weekend went hous hr drive mind stuck gun say doesnt believ readi parent mani babi born parent arent readi babi abus essenc said would terribl abus parent cut commun sinc fast forward past weekend husband tell wasnt worri father told exact word day arent worri abil father dont think readi mother dont think babi doesnt abil good mother ffffff deal relationship bell cant unrung tri dont ever want involv life dont want children live either move forward relationship futur kid relationship advic welcom,1,0,"TW MISCARRIAGE.


I just really need to get this off my chest. I had a miscarriage on June 17th, 2020. My husband's step mother was incredibly condescending. We had told them that I was pregnant and miscarried at 7 weeks on fathers day, and she scoffed and said ""Well, were you *even trying*?"" And both he and i were incredibly hurt by her. The following weekend he went over to their house (which is a 2.5 hr drive, mind you) and she stuck to her guns, saying that she doesnt believe we're ready to be parents, and too many babies are born to parents who arent ready and then the babies are abused. So, in essence, she said that we would be terrible, abusive parents... and that was that - I cut off all communication since.

Fast forward to the past weekend, my husband tells me that it wasnt him they were worried about, that it was *me*! His father had told him these exact words that day: ""We arent worried about your abilities as a father, but we dont think she is ready to be a mother. I dont think she should have had the baby, she just doesnt have to ability to be a good mother."" 

How the FFFFFF do I deal with my relationship with them now? That bell cant be unrung. We are trying again, but I dont ever want them involved in my life again. I dont want them in my childrens lives, either. How do I move forward in my relationship with them and my future kids relationships with them? Any advice welcome."
319,experienc first earli miscarriag found due low pregesteron anyon experienc experi low pregesteron,1,0,I am experiencing my first early miscarriage and just found out it's due to low pregesterone. Has anyone experienced this or have experience with low pregesterone?
370,need vent want babi alreadi aaaaaahhhhhhhhh join scream frustrat,1,0,"I just need to vent.

I WANT TO HAVE A BABY ALREADY!!!!!! 

AAAAAAHHHHHHHHH!!!!

Join me in a scream of frustration."
378,current deal chemic pregnanc went today lab expect hcg test instead test progesteron anyon experi sure progesteron also know expect come day anyth help,1,0,I am currently dealing with a chemical pregnancy. Went in today for labs and I was expecting to have my HCG tested but instead they tested my progesterone. Does anyone have any experience with this? Not sure what the Progesterone is for and also don't know what to expect in the coming days. Anything helps.
420,one get nauseou period think mayb bodi trick actual pregnant bleed pleas tell one,1,0,"Am I the only one who gets nauseous while on my period, and thinks ‚Äúmaybe my body is tricking me, and I‚Äôm actually pregnant but I‚Äôm just bleeding, just because.‚Äù

Please tell me I‚Äôm not the only one!"
467,dpo broke cri feel extrem sad today tri cycl stop get hope let feel go time run hope two week wait horribl confus everyon around babi everyth right feel imposs stop watch pregnanc youtub video even think much dream sick peopl tell stop tri stop worri know know boat nice much support group want anyon ever feel way wish absolut much luck deserv littl one wish everyon success anyon realli great tip get up down,1,0,"5DPO and I just broke down crying. I'm feeling so extremely sad today because we've been trying for 8 cycles now and I can't stop getting my hopes up and then let down. I feel it's going to be the same this time and I'm running out of hope.
The two week wait is horrible.

It's so confusing to me why everyone around me can have babies but I'm doing everything right and it just feels impossible. I can't stop watching pregnancy YouTube videos and I'm even thinking about it so much it's in my dreams. 
I'm sick of people telling me to just stop trying and stop worrying about it. 
I don't know what to do. 

I know we're all in the same boat here and it's so nice to have so much support from this group. I don't want anyone ever to feel this way and I wish you all absolutely so much luck. You all deserve little ones and I wish everyone here success.

Does anyone have some really great tips for getting through the ups and downs?"
509,hope someon might posit understand talk babi great desper want one howev babi move around insid anyon matter alway freak person ask other oh feel stomach babi move realli know go handl babi insid like accident felt friend babi move insid liter jump back anyon els felt way overcom go away one pregnant come birth control month ttc begin new year,1,0,"Hoping that someone might be in the same position as me or understands what I‚Äôm talking about. 

Babies are great. I desperately want one. However, a baby moving around inside me or anyone for that matter has always freaked me out. I am not the person to ask others ‚Äúoh can I feel your stomach and the baby moving?‚Äù I really don‚Äôt know how I‚Äôm going to handle this when the baby is inside ME! Like I accidentally felt my friends baby move inside her and I literally jumped back from it. 

Has anyone else felt this way? What did you do to overcome it? Will this go away when I‚Äôm the one pregnant? I am coming off birth control in a month so we can TTC in the beginning of the new year."
518,hi got posit first respons digit pregnanc test week ago woke day later aunt flo expect throw cramp like period bleed bleed light moder last day today clot sorri tmi sharp pain uteru happen stop walk breath pain hurt bleed would slow way almost disappear start back today day brown mix red idk mc miscarriag go mayb one advic still feel heavili bloat would today still pregnant heard fals posit rare hope everyth okay,1,0,"Hi, so I got a positive first response digital pregnancy test about a week ago and I woke up 2-3 days later when Aunt Flo was expected. It was 4am and I was throwing up, cramping like a period, and bleeding. The bleeding was light to moderate and lasted 4 days now. Today I had a clot (sorry tmi!) and I had a sharp pain in my uterus? before it happened. I had to stop walking to breathe. The pains hurt!! The bleeding would slow way down and almost disappeared and then started back up today (day 4) and it‚Äôs brown mixed with red. Idk if I had a MC (miscarriage) or what is going on :/ maybe one of y‚Äôall has some advice? I‚Äôm still feeling heavily bloated. I would be 4+3 today if I still am pregnant. I‚Äôve heard false positives are rare so I‚Äôm hoping everything is okay.."
573,get pregnant month think go take break never knew tri hard must sound dumb mani husband fallen pregnant twice time liter effort obviou time mo babi sight start comprehend emot roller coaster heard much ouch add real vent husband usual near perfect harmoni worst ever fight today lot thing part drew proverbi blood parent think think shit dad definit think expect total unreason thing nearli yo son caus unnecessari damag battl hubbi drop bomb said enjoy parent love son chang like hang overal like parent nearli die said want kid ok kid one want go number today realli think might let rest coupl month wait life mayb less shit cours covid inexor boa constrictor live devast storm follow damag wind come unscath within block peopl enter th day power water state hard lockdown school childcar go work go km wind damag afraid go outsid forest tree drop weaken branch day yet someon crush tree local supermarket day ago one mate volunt fire fighter thr poor bloke die emot resili handl top truli aw terrifi heart wrench bushfir mo ago latest storm remind feel like afraid natur next state report first fire season even though still winter anyth left burn know tire scare hurt angri sad sad happi want anoth babi dissolv heartach sad wonder husband love dad much love mum sad goddamn countri burn drown blow away sad see famili sad final get see someon husband abl get hug thank listen need talk want tell anyon know us hate friend think less husband father deserv mani peopl much wors hell nearli one mum group lost power week struggl money work home whose kid sleep want big sleep nice day park either someday mayb kid mayb hope hope beauti husband smile next sun,1,0,"If we don't get pregnant this month, I think I'm going to take a break. I never knew trying was so hard. That must sound so dumb to many of you. But my husband and I have fallen pregnant twice, both times with literally no effort (other than the obvious). 

This time we're 3mo in with no baby in sight, and I'm starting to comprehend that emotional roller coaster I've heard so much about. Ouch. 

Add to it, and this is the real vent, my husband and I, who are usually in near perfect harmony, had our worst ever fight today. It was about a lot of things, but the part that drew proverbial blood was his parenting. He thinks I think he's a shit dad. I don't, but I definitely think he expects totally unreasonable things from our nearly 2yo son, and it's causing unnecessary and damaging battles. 

Hubby then dropped a bomb on me - he said he doesn't enjoy parenting. He loves our son, wouldn't change having him, likes hanging out with him, but doesn't overall like parenting. 

I nearly died when he said that. He wanted kids, not me. OK, kid. I'm the one who's wanted to go for number 2. And after today, I really think I might just let it rest a couple months, wait for life to maybe be less shit. 

Because of course there's covid, the inexorable boa constrictor. And where I live there was just a devastating storm, followed by more damaging winds. We've come through unscathed but within blocks there are people entering their 4th day with no power and no water. 

And my state is in HARD lockdown. No school, childcare, going to work, going more than 5km. Now with the wind damage, I'm afraid to go outside because we're in a forest so the trees will drop weakened branches for days yet. Someone was crushed by a tree at my local supermarket 3 days ago. One of my mates in a volunteer fire-fighter and was with thr poor bloke as he died. I don't have the emotional resilience to handle that. 

And to top it all off, we had truly awful, terrifying, heart wrenching bushfire 6mo ago, and the latest storms have reminded me of what it feels like to be afraid of nature. The next state over has just reported its first fire for the season, even though it's still winter. How there's anything left to burn, I don't know. 

I'm tired, scared, hurt, angry, but most of all I'm just so so sad. Sad that my happiness at wanting another baby is dissolving into heartache, sad that my wonderful husband isn't loving being a dad as much as I love being a mum, sad that my goddamn country is burning, drowning or blowing away, sad that we can't see family, sad that when I finally get to see someone other than my husband I won't be able to get a hug... 

Thanks for listening. I just needed to talk, and I don't want to tell any of this to anyone who knows us. I'd hate any of our friends to think less of my husband as a father because he doesn't deserve that, and so many people have it SO MUCH worse - hell I'm nearly the only one in my mum's group who hasn't lost power this week, who isn't struggling for money or with working from home, whose kid sleeps... 

I just want a big sleep and a nice day at a park. I can't have either, but I will again. Someday. Maybe there'll be 1 kid with me, maybe 2. I hope it's 2, and I hope my beautiful husband is there smiling next to me in the sun."
626,recent week cours drug use rehabilit work full left us emot drain mani time peopl left encourag need got much end cours guest trainer come annoy anyth treat us like children session main facilit thank time said trainer great news pregnant let give round applaus sat clap pregnanc want scream yell walk room appar trigger death overdos child abus murder pregnanc upset especi sinc gotten period believ peer pressur applaud stranger pregnanc book fertil treatment organis money ivf get wrong dont hate pregnant peopl frame mind congratul stranger,1,0,"Recently did a 2 week course on drug use and rehabilitation for work. It was full on and left all of us emotionally drained. There was many times where people left and this was encouraged if we needed it/it got too much.

At the end of the course we had a guest trainer come in, she was annoying as anything and treated us like children. After her session, our main facilitator thanked her for her time then said:

‚ÄúTrainer has some great news! She‚Äôs pregnant, lets all give her a round of applause!‚Äù

We all sat there and clapped for her pregnancy and all I wanted to do was scream and yell and walk out of the room. Apparently my trigger isn‚Äôt death, overdoses, child abuse or murder ... it‚Äôs pregnancy!

I was so upset especially since I had just gotten my period, again. I can‚Äôt believe I was peer pressured into applauding a stranger‚Äôs pregnancy when I am booking fertility treatments and organising money for IVF. Don‚Äôt get me wrong, I dont hate pregnant people, just not in the frame of mind to congratulate strangers."
630,period sinc th juli took five pregnanc test cours three week neg dr ran blood work thyroid panel way chart diagnos hashimoto basic mean bodi hate thyroid littl disappoint answer question go bodi get put med doctor assur affect potenti futur babi life wild ride ya,1,0,I haven't had my period since the 6th of July and I took five pregnancy tests over the course of three weeks and they were all negative. My Dr. ran some blood work and my thyroid panel was way off the charts so she diagnosed me with Hashimoto's which basically means my body hates my thyroid. It's a little disappointing but it answers some questions for what has been going on with my body and I am getting put on meds for it which my doctor assured me won't affect a potential future baby. Life is a wild ride ya'all.
656,begin done everyth right futur babi ive lost plu pound get healthi discov april thyroid cancer surgeri remov thyroid lymph node radioact iodin juli mean id wait least januari get pregnant anyon els ever feel begin itll never happen know posit reason feel like never babi especi second thing suffer anxieti honestli say medit work much better legit get anxiou everyth pregnanc much want constantli think someth go wrong stop us thought feel comfort even tia,1,0,"So.. to begin,  I've done everything right for this future baby.  Ive lost 70 plus pounds to get healthy only to discover in April, I have thyroid cancer.  I had surgery to remove my thyroid and some lymph nodes and did Radioactive iodine in July ( which means Id have to wait until at least January to get pregnant. 

Does anyone else ever feel from the beginning itll never happen? I know I should be positive but for some reason I just feel like I'll never have a baby.  Especially now at 35. 

My second thing is.. I suffer from anxiety.  And while I can honestly say that through meditation and working with it,  I'm much better.. but I legit get anxious about everything to do with pregnancy, as much as I want it. I'm constantly thinking something is going to be wrong to stop us.


Any thoughts or feelings?  Comfort even? Tia"
674,infect never thank infect least one awar day away expect ovul vagin discharg strong fishi smell brown color never ever experienc start dark yellow color day brown color still smell fishi schedul gyno appoint disappoint frustrat sex week due visit famili member stay us delay day longer could catch ovul window even sexual frustrat want man want chanc make babi even want sex vagina angri fishi unhappi,1,0,"I have an infection - I'm 30 and have never thankfully had an infection, at least not one that I was aware of. Now I'm 3 days away from when I expect to ovulate, and my vaginal discharge has a very very strong fishy smell and a brown color. I've never ever experienced this. It started as a dark yellow color and now it's been 5 days and it is now a brown color and still smells fishy. I'm scheduling a gyno appointment... but I'm just disappointed and frustrated. 

We haven't had sex in about 3 weeks due to visiting family members staying with us, and then delayed it a few days longer so we could just catch my ovulation window. But now we can't even. I'm sexually frustrated and I just want to be with my man, and I wanted to have a chance to make a baby. But now I can't even. All I want is some sex!!! But my vagina is angry and fishy and unhappy."
683,actual post feel like tri long enough rant need place vent feel like start drive peopl around crazi start tri octob first trimest mmc decemb abl get pregnant sinc c end hospit week excruci pain never found anyth wrong test came back normal see naturopath year tri acupunctur holist method could get fertil clinic due covid fertil appoint kept get push back final get test done month end next week new bloodwork done sonohysterogram husband sa done hope news honestli care good bad want inform make plan know feel excit hope thing move forward feel month ever felt closest friend got pregnant time us perfect babi boy announc expect twin march want get bed sick pee stick schedul sex go monthli rollercoast ride idea alien process could want person talk babi plan everi littl detail around possibl pregnant babi consum exhaust anyon els feel like tri long chang good like mayb excit optimist person first cycl total gone hope final get pregnant get first trimest abl feel hope giddi,1,0,"I haven‚Äôt actually posted here before. Didn‚Äôt feel like I had been trying for long enough to rant, but I need some place to vent because I feel like I‚Äôm starting to drive people around me crazy. 

We started trying in October 2018, had a first trimester mmc in December and haven‚Äôt been able to get pregnant since. After my D&amp;C I ended up hospitalized for 2 weeks with excruciating pain, but they never found anything wrong, and all my tests came back normal. We‚Äôve been seeing a naturopath for about a year, trying acupuncture and holistic methods until we could get into a fertility clinic. Due to covid our fertility appointment kept getting pushed back and were just finally getting tests done this month. By the end of next week I‚Äôll have all new bloodwork done, a sonohysterogram and my husbands SA will be done... so hopefully we‚Äôll have some news. I honestly don‚Äôt care if it‚Äôs good or bad, I just want more information so that we can make a plan. 

I know I should be feeling excited and hopeful that things are moving forward, but I feel more down this month than I have ever felt. Our closest friends who got pregnant at the same time as us in 2018, and now have a perfect baby boy, just announced that they‚Äôre expecting twins in March and I don‚Äôt want to get out of bed. 

I‚Äôm so sick of peeing on sticks and having scheduled sex, and going through this monthly rollercoaster ride.   Had no idea how alienating this process could be. I don‚Äôt want to be this person that can only talk about having a baby, and plans every little detail around the possibility of being pregnant or having a baby. But here I am. All consumed and exhausted. 

Does anyone else feel like trying for so long has changed you for good? Like maybe the excited, optimistic person you were in your first cycle is just totally gone? So hoping that when we finally get pregnant again and get out of the first trimester, that I‚Äôll be able to feel hopeful and giddy."
691,one item ttc look blood clot period howev know distinguish normal tissu pass get lump sometim bigger drop blood tissu consid blood clot googl period blood clot huge mine big sort fall shape hit toilet water,1,0,"One of items when TTC to look out for is Blood clot during period. However, I don't know how to distinguish that and a normal tissue passing. I get lumps sometimes or bigger drops of blood because there's more tissue. Is that consider blood clot? I google period blood clot and they are huge and mine isn't that big and sort of falls out of shape when hitting the toilet water."
732,today went shop attempt feel littl better get period friday month especi hard sinc found sister got pregnant second child alreadi godmoth first one moon get godmoth second one well tough tri cope fact yet pregnant month anyway husband look men depart sneak babi depart cri littl went cute littl babi thing broke heart littl wipe away tear went back hubbi best enjoy rest day amaz lucki wife mix feel say least,1,0,"Today I went shopping in an attempt to feel a little better after getting my period on Friday. This month is especially hard since I just found out my sister got pregnant with her second child. I am already godmother for their first one and am over the moon that I get to be godmother for their second one as well. But it‚Äôs tough, too. We are trying to cope with the fact that we are yet again not pregnant this month. 

Anyway, while my husband was looking in the men‚Äôs department, I sneaked out to the baby department and cried a little as I went through all of the cute little baby things. It broke my heart a little. Then I wiped away the tears and went back to my hubby and did my best to enjoy the rest of the day. He‚Äôs amazing and I am so lucky to be his wife. 

Mixed feelings, to say the least!"
743,need get head hub sa begin august first appoint fertil clinic today blood scan talk nurs afterward say noth untoward scan go back cd blood said sa result back sperm arent move could tell us realli next step androlog clinic right feel hopeless could honestli cri let nurs told lay protein drink time dabbl steroid past think caus part feel resent almost feel guilti feel way hope know near futur keep everyth cross someth fix actual point post need divulg,1,0,"Just needing to get this out of my head.

Hub had SA at the beginning of August. We had first appointment in fertility clinic today. Bloods and scan for me.

Talking to the nurse afterwards and she says nothing was untoward on my scan. I'm to go back on cd21 for bloods. We said we hadn't had SA results back and if she had them. 

He only has a few sperm in it and they arent moving. 

That's all she could tell us really. Next step is the Andrology clinic but right now I'm feeling very hopeless and could honestly cry if I let myself. 

The nurse told him to lay off the protein drinks, which he has all the time. He has dabbled with steroids in the past and I think this is what has caused this and part of me feels resentful almost, and then I feel guilty for feeling this way.

Hopefully will know more in the near future and I'm keeping everything crossed that it is something that can  be fixed. No actual point to this post I just needed to divulge."
783,realli think might day period usual hit aw cramp blood start flow right away wipe go pee lightest pink way normal excit feel like might finger cross,1,0,"I really think this might be it!! 

The day of my period I‚Äôm usually hit with awful cramps and the blood starts flowing right away... I just wiped after going pee and it was the lightest pink and just way not normal for me!! I‚Äôm so excited, this feels like it might be it!! Fingers crossed!!!"
824,got know sil lost babi around week jealou first creativ aunti sens tickl hard bought bunch yarn crochet thing new nephew niec realli excit send pic babi belli day back even boyfriend alreadi ask cute shirt design littl famili today husband came home told sil ultrasound find heart beat know topic realli hard everyon went comfort advic,1,0,"I just got to know that my SIL lost her baby at around 20 weeks. I was very jealous at first but my creative auntie senses tickled very hard and I bought a bunch of yarn to crochet things for my new nephew or niece. I was really excited when she sended me a pic of her baby belly a few days back. Even her boyfriend already asked me for a cute t-shirt design for their little family. And today my husband came home and told me that my SIL had an ultrasound and they didn't find a heart beat üò≠üò≠üò≠

I know that this topic is really hard for everyone who went through this... How can I comfort her? Any advice?"
834,wait fianc e get teach job hire freez week interview today got call tell got job follow appoint obgyn week check blood work see need take metformin pco otherwis start tri excit wait day month tell someon,1,0,So we were waiting for my fianc√©e to get a teaching job but they had a hiring freeze until this week. He had an interview today and got a call at 5 telling him he got the job!! I have a follow up appointment with my obgyn in 3 weeks to check on my blood work and see if I need to take metformin for my PCOS but otherwise we can start trying now!! I‚Äôm so excited!! Been waiting for this day for 3 months now! Just had to tell someone!! üòÅ
839,hi came bc june withdraw bleed think bleed week point thought pregnant period day long light think use tampon rest spot long later around week light buy pad first time year wear tampon felt dri uncomfi get ewcm week bleed anyon els odd experi like come bc,1,0,"Hi, I came off BC in June, I had no withdrawal bleed I don‚Äôt think, I had no bleeding at all for 6 weeks, to the point I thought I was pregnant, I then had a period of only 2 days long, very light, think I used 2 tampons and the rest was spotting.
Not too long later, around 3 weeks, I had the same again, very light, had to buy pads for the first time in over 20 years, as I just couldn‚Äôt wear a tampon, I felt too dry and uncomfy. I did get EWCM a week or so before both bleeds.
Has anyone else had odd experiences like this coming off BC?"
